,predicted
0,
1,
2,
3,
4,
5,
6,
7,
8,
9,
10,0.6445053
11,0.5804757
12,0.57066643
13,0.5519192
14,0.5251876
15,0.501647
16,0.41278362
17,0.43791676
18,0.3484315
19,0.5821093
20,0.7017108
21,0.60793376
22,0.46077633
23,0.4167097
24,0.60599315
25,0.6067894
26,0.57917094
27,0.4861441
28,0.47698408
29,0.4577341
30,0.5062507
31,0.5716016
32,0.52061206
33,0.48417553
34,0.48202482
35,0.4922299
36,0.4318135
37,0.5520333
38,0.26291522
39,0.632617
40,0.63476384
41,0.46794176
42,0.6387459
43,0.29491833
44,0.30787882
45,0.6405684
46,0.60340613
47,0.27331173
48,0.5401532
49,0.6584445
50,0.448944
51,0.6336007
52,0.59377986
53,0.40669274
54,0.58271486
55,0.56880295
56,0.53354764
57,0.4250216
58,0.6514023
59,0.5365749
60,0.54412794
61,0.5635981
62,0.6120385
63,0.6751473
64,0.45807162
65,0.5118779
66,0.510815
67,0.5249836
68,0.33976686
69,0.6094939
70,0.5375675
71,0.7586113
72,0.562815
73,0.51449794
74,0.42817092
75,0.4388214
76,0.5801053
77,0.4151708
78,0.4366033
79,0.39529738
80,0.39560676
81,0.47089982
82,0.41580522
83,0.44092822
84,0.6764523
85,0.48221487
86,0.46629953
87,0.5426645
88,0.3896741
89,0.49201074
90,0.48660976
91,0.46197963
92,0.5436443
93,0.5125899
94,0.5506007
95,0.5688106
96,0.55070454
97,0.4532721
98,0.35908064
99,0.4433009
100,0.43428618
101,0.5077
102,0.6354816
103,0.48262304
104,0.38792968
105,0.39858356
106,0.47079515
107,0.7794521
108,0.7972139
109,0.61657923
110,0.54165417
111,0.46191886
112,0.39450988
113,0.48828962
114,0.43641543
115,0.56577206
116,0.45598
117,0.45489514
118,0.4902738
119,0.46503592
120,0.4547354
121,0.5179946
122,0.48690578
123,0.55535495
124,0.598937
125,0.47562233
126,0.38829765
127,0.3169536
128,0.40511334
129,0.5537694
130,0.85281396
131,0.5479152
132,0.47819364
133,0.45084712
134,0.44974503
135,0.51689756
136,0.52152723
137,0.71427834
138,0.2712707
139,0.33485013
140,0.5659059
141,0.5665852
142,0.6036508
143,0.45770827
144,0.6548617
145,0.68266994
146,0.6596237
147,0.42614964
148,0.6600734
149,0.5836073
150,0.56331515
151,0.49568063
152,0.60044026
153,0.41898066
154,0.52735746
155,0.3731171
156,0.5320156
157,0.5907946
158,0.54189706
159,0.41206995
160,0.5228174
161,0.44061542
162,0.5637828
163,0.62938344
164,0.5684509
165,0.51674163
166,0.4669633
167,0.49292064
168,0.542105
169,0.5764922
170,0.37270242
171,0.5795697
172,0.5075252
173,0.4708415
174,0.37727517
175,0.4527155
176,0.56379604
177,0.45250383
178,0.3883912
179,0.51624036
180,0.27079862
181,0.6166574
182,0.5350251
183,0.35242674
184,0.6019325
185,0.7718122
186,0.6324858
187,0.43899423
188,0.65290534
189,0.4676657
190,0.44706383
191,0.4711338
192,0.5451801
193,0.53230846
194,0.5637952
195,0.5691065
196,0.5833089
197,0.52203995
198,0.37434155
199,0.33559027
200,0.39698792
201,0.5600635
202,0.5224392
203,0.61404514
204,0.4204799
205,0.53267604
206,0.4953221
207,0.44653702
208,0.36472094
209,0.47020334
210,0.39690205
211,0.4967404
212,0.43542507
213,0.4808635
214,0.47779137
215,0.32924497
216,0.3644687
217,0.39629787
218,0.85805327
219,0.39542207
220,0.47326523
221,0.43863946
222,0.49704778
223,0.47015077
224,0.51554304
225,0.3292073
226,0.5679125
227,0.69327044
228,0.58334535
229,0.5477775
230,0.34132266
231,0.31463444
232,0.41298994
233,0.60257566
234,0.5638085
235,0.47121522
236,0.44334057
237,0.4213827
238,0.5348973
239,0.7596276
240,0.7101397
241,0.521299
242,0.48509252
243,0.48022848
244,0.44256872
245,0.40461993
246,0.38505197
247,0.5669039
248,0.63607717
249,0.5966226
250,0.44753128
251,0.33802208
252,0.28791693
253,0.28197363
254,0.6019147
255,0.26499024
256,0.59543544
257,0.35939556
258,0.34588253
259,0.44420233
260,0.5910388
261,0.2990287
262,0.4483495
263,0.43414685
264,0.5505957
265,0.4662451
266,0.34628534
267,0.33481783
268,0.5564351
269,0.49353105
270,0.52379316
271,0.31997746
272,0.41679
273,0.4076184
274,0.35183996
275,0.41412675
276,0.64591026
277,0.5504985
278,0.50821066
279,0.45784807
280,0.47909057
281,0.47251257
282,0.53710204
283,0.64106107
284,0.6757236
285,0.48625052
286,0.29663074
287,0.42555037
288,0.38343522
289,0.5413768
290,0.65035546
291,0.54970056
292,0.38669407
293,0.35453627
294,0.37169188
295,0.40305012
296,0.50560147
297,0.49407524
298,0.55928284
299,0.5574579
300,0.48073593
301,0.38747722
302,0.6171626
303,0.6614076
304,
305,
306,
307,
308,
309,
310,
311,
312,
313,0.47376576
314,0.43862662
315,0.30469155
316,0.2204014
317,0.50902706
318,0.5967959
319,0.5652385
320,0.62004715
321,0.49922147
322,0.5147603
323,0.4472569
324,0.4753109
325,0.5298895
326,0.5443851
327,0.4341875
328,0.57174975
329,0.6055294
330,0.5480466
331,0.43213612
332,0.40546477
333,0.4452346
334,0.75294524
335,0.6430835
336,0.50494534
337,0.31357604
338,0.33767587
339,0.5166421
340,0.6020055
341,0.52340424
342,0.665406
343,0.3833745
344,0.15757808
345,0.3473356
346,0.3782767
347,0.49618384
348,0.6929785
349,0.7457032
350,0.520344
351,0.4009653
352,0.4651915
353,0.48858806
354,0.5799231
355,0.4161291
356,0.5715611
357,0.73393583
358,0.5317676
359,0.56849974
360,0.5386979
361,0.46216708
362,0.489184
363,0.36357132
364,0.5029445
365,0.66406024
366,0.56988096
367,0.5681398
368,0.42325842
369,0.38395044
370,0.43193156
371,0.53781956
372,0.70283455
373,0.62037426
374,0.33348393
375,0.3885073
376,0.516254
377,0.7260503
378,0.5673303
379,0.28346837
380,0.60530585
381,0.6634133
382,0.63135606
383,0.57157815
384,0.6227455
385,0.30737707
386,0.40258232
387,0.5579932
388,0.56236523
389,0.56502354
390,0.6101218
391,0.28517887
392,0.2888304
393,0.53076446
394,0.55872416
395,0.7707106
396,0.60459244
397,0.5293817
398,0.46354282
399,0.3661213
400,0.43687496
401,0.5358917
402,0.5830451
403,0.6693707
404,0.37462172
405,0.5577797
406,0.48976883
407,0.6213415
408,0.68561405
409,0.76880556
410,0.7176308
411,0.49707234
412,0.5075016
413,0.42005533
414,0.33806005
415,0.30753234
416,0.35825762
417,0.7225533
418,0.7599088
419,0.55465084
420,0.5095241
421,0.48615694
422,0.49561918
423,0.5184352
424,0.56067735
425,0.5686109
426,0.47280475
427,0.48486716
428,0.5603367
429,0.5662121
430,0.61143315
431,0.5903441
432,0.61132437
433,0.38679665
434,0.5398778
435,0.55968153
436,0.6766263
437,0.68497074
438,0.65688807
439,0.3852166
440,0.59784746
441,0.47387865
442,0.5585883
443,0.45393753
444,0.4750753
445,0.24892378
446,0.24202749
447,0.4746463
448,0.7169066
449,0.6925059
450,0.60321623
451,0.487869
452,0.43484446
453,0.41098428
454,0.35105813
455,0.63751066
456,0.544484
457,0.490575
458,0.4416209
459,0.39062923
460,0.44220406
461,
